mean_fit_time,std_fit_time,mean_score_time,std_score_time,param_colsample_bytree,param_learning_rate,param_max_depth,param_min_child_samples,param_n_estimators,param_num_leaves,param_reg_alpha,param_reg_lambda,param_subsample,params,split0_test_score,split1_test_score,split2_test_score,split3_test_score,split4_test_score,split5_test_score,split6_test_score,split7_test_score,split8_test_score,split9_test_score,mean_test_score,std_test_score,rank_test_score
1.797027587890625,0.3407874784533515,0.03761699199676514,0.0029654743940139036,0.6872700594236812,0.1911285751537849,6,17,288,40,1.5601864044243652,1.5599452033620265,0.5290418060840998,"{'colsample_bytree': 0.6872700594236812, 'learning_rate': 0.1911285751537849, 'max_depth': 6, 'min_child_samples': 17, 'n_estimators': 288, 'num_leaves': 40, 'reg_alpha': 1.5601864044243652, 'reg_lambda': 1.5599452033620265, 'subsample': 0.5290418060840998}",0.91888396105532,0.9319164929090007,0.8531882264133079,0.8780474838149407,0.9311569827820313,0.9108493518138197,0.7302723106907039,0.824127908786264,0.9033707666727435,0.9034194119708543,0.8785232896908987,0.05925505376032688,41
1.4819645404815673,0.02821722176670309,0.03615627288818359,0.003863268144292086,0.9330880728874675,0.12820070211377757,6,31,408,21,7.219987722668248,9.385527090157503,0.5003893829205072,"{'colsample_bytree': 0.9330880728874675, 'learning_rate': 0.12820070211377757, 'max_depth': 6, 'min_child_samples': 31, 'n_estimators': 408, 'num_leaves': 21, 'reg_alpha': 7.219987722668248, 'reg_lambda': 9.385527090157503, 'subsample': 0.5003893829205072}",0.9218566487347429,0.9330969027749465,0.8615890154988517,0.8795190047008816,0.9340909179451651,0.9127179805460635,0.731172956846295,0.8453671161812735,0.9079358720734203,0.9076144916092875,0.8834960906910927,0.05803138935020674,27
1.47299063205719,0.06192399441660114,0.053370189666748044,0.012774343982949065,0.9961057796456088,0.13114667173298897,5,31,352,44,2.9122914019804194,6.118528947223795,0.569746930326021,"{'colsample_bytree': 0.9961057796456088, 'learning_rate': 0.13114667173298897, 'max_depth': 5, 'min_child_samples': 31, 'n_estimators': 352, 'num_leaves': 44, 'reg_alpha': 2.9122914019804194, 'reg_lambda': 6.118528947223795, 'subsample': 0.569746930326021}",0.9215173375888239,0.9338647988788075,0.8580743179463256,0.8797197616141107,0.9326249300096064,0.9122227026098453,0.7301879078464304,0.8439163382142361,0.90859897317888,0.9059360499243834,0.882666311781145,0.05837703926931523,30
1.737149214744568,0.02533624921928099,0.040274977684020996,0.002876972735660631,0.6460723242676091,0.0859451317928645,6,12,406,26,1.7052412368729153,0.6505159298527952,0.9744427686266666,"{'colsample_bytree': 0.6460723242676091, 'learning_rate': 0.0859451317928645, 'max_depth': 6, 'min_child_samples': 12, 'n_estimators': 406, 'num_leaves': 26, 'reg_alpha': 1.7052412368729153, 'reg_lambda': 0.6505159298527952, 'subsample': 0.9744427686266666}",0.9228557207631785,0.9331213732123504,0.8664994493830724,0.8838805962472258,0.9342744522220245,0.9131105177984491,0.731295801422779,0.8406983711535229,0.9064883998630986,0.9075708295534944,0.8839795511619195,0.05818832695715311,22
0.5065509080886841,0.013333130005617474,0.016614627838134766,0.001111379135900478,0.9828160165372797,0.165511522660963,4,35,152,21,6.842330265121569,4.4015249373960135,0.5610191174223894,"{'colsample_bytree': 0.9828160165372797, 'learning_rate': 0.165511522660963, 'max_depth': 4, 'min_child_samples': 35, 'n_estimators': 152, 'num_leaves': 21, 'reg_alpha': 6.842330265121569, 'reg_lambda': 4.4015249373960135, 'subsample': 0.5610191174223894}",0.92854293303492,0.9303905641334191,0.870001306922182,0.8902328482719012,0.9349286974441202,0.9134377139428935,0.7234378091075824,0.8467980674815057,0.9072210991471822,0.9138649726769635,0.885885601216267,0.06032500509854187,14
0.5309816122055053,0.017817620891089014,0.017661547660827635,0.001175971636025419,0.7475884550556351,0.02618993380073931,4,45,149,59,7.553614103176525,4.2515587449124475,0.6039708314340944,"{'colsample_bytree': 0.7475884550556351, 'learning_rate': 0.02618993380073931, 'max_depth': 4, 'min_child_samples': 45, 'n_estimators': 149, 'num_leaves': 59, 'reg_alpha': 7.553614103176525, 'reg_lambda': 4.2515587449124475, 'subsample': 0.6039708314340944}",0.9227108078936446,0.9208517046824268,0.8630611372688506,0.8895615599886023,0.9241387270877828,0.9117672400674509,0.7059376809087184,0.8862195244286957,0.9076681276368279,0.8894518357697736,0.8821368345732772,0.061623358748794696,33
0.7478897094726562,0.04178280789632383,0.019039463996887208,0.0012390939091396756,0.7838501639099957,0.025636392642000544,5,35,143,53,3.9515023600181443,9.266588657937941,0.8636359979282104,"{'colsample_bytree': 0.7838501639099957, 'learning_rate': 0.025636392642000544, 'max_depth': 5, 'min_child_samples': 35, 'n_estimators': 143, 'num_leaves': 53, 'reg_alpha': 3.9515023600181443, 'reg_lambda': 9.266588657937941, 'subsample': 0.8636359979282104}",0.9285245495328156,0.9263277393733588,0.8656661408519343,0.8865197512149324,0.9275742190762922,0.9152514288035642,0.7224124025840636,0.8756516452466818,0.9089248153635506,0.8925814619429823,0.8849434153990176,0.05818775746577217,18
1.7163631916046143,0.025056335454939606,0.03349156379699707,0.002557635599681737,0.6632703844029177,0.12267991539297189,7,49,312,35,7.473201101373808,5.396921323890798,0.7933755828319241,"{'colsample_bytree': 0.6632703844029177, 'learning_rate': 0.12267991539297189, 'max_depth': 7, 'min_child_samples': 49, 'n_estimators': 312, 'num_leaves': 35, 'reg_alpha': 7.473201101373808, 'reg_lambda': 5.396921323890798, 'subsample': 0.7933755828319241}",0.9192890174367555,0.9336795503180895,0.855769498633776,0.8807062232485339,0.9341201757826375,0.9119508822256254,0.7365243611909392,0.8502661260633808,0.9044692382279819,0.9073739561564731,0.8834149029284193,0.05627025229100052,28
0.5220052242279053,0.012588911384517645,0.01197810173034668,0.0014056248171099358,0.982627653632069,0.12926616458360324,8,38,114,20,0.1563640674119393,4.234014807063696,0.6974407590877849,"{'colsample_bytree': 0.982627653632069, 'learning_rate': 0.12926616458360324, 'max_depth': 8, 'min_child_samples': 38, 'n_estimators': 114, 'num_leaves': 20, 'reg_alpha': 0.1563640674119393, 'reg_lambda': 4.234014807063696, 'subsample': 0.6974407590877849}",0.9250196226217845,0.9332366468318011,0.8699877477430626,0.8848094420909799,0.9352618928601204,0.9108187013666582,0.7271668990469663,0.8593041029941539,0.9109362295380594,0.9137778152736286,0.8870319100367213,0.058632535751609566,7
3.1375789403915406,0.08832915673669856,0.09998517036437989,0.0036832106207959747,0.6467440873590191,0.0225343680887152,6,26,491,54,7.9017554053120564,6.059599747810114,0.9631504392566745,"{'colsample_bytree': 0.6467440873590191, 'learning_rate': 0.0225343680887152, 'max_depth': 6, 'min_child_samples': 26, 'n_estimators': 491, 'num_leaves': 54, 'reg_alpha': 7.9017554053120564, 'reg_lambda': 6.059599747810114, 'subsample': 0.9631504392566745}",0.9291142453211151,0.9347203561295383,0.8648561225504944,0.8879993536574038,0.9337109674146411,0.9147083561522522,0.7287191535806071,0.8585746116904462,0.9101461020724879,0.9125238166681512,0.8875073085237138,0.05876846282204893,4
1.1088993310928346,0.06665474846259821,0.042398905754089354,0.002251994002620085,0.8255385127509722,0.18469274159788052,4,17,367,53,0.9541011649041131,3.7081825219826636,0.8344206263318037,"{'colsample_bytree': 0.8255385127509722, 'learning_rate': 0.18469274159788052, 'max_depth': 4, 'min_child_samples': 17, 'n_estimators': 367, 'num_leaves': 53, 'reg_alpha': 0.9541011649041131, 'reg_lambda': 3.7081825219826636, 'subsample': 0.8344206263318037}",0.9258036573738313,0.9320487147191548,0.8653319941490344,0.8851977952906324,0.9355800639250563,0.9117868515514738,0.7279567177866979,0.8431339586441337,0.9062943163100661,0.9064952861994549,0.8839629355949536,0.05904351445238076,23
2.0160171508789064,0.03690265275082116,0.059415364265441896,0.0023111245583413258,0.8329611783087483,0.12643360178739088,6,44,326,56,9.717120953891037,8.48913824266084,0.8608647605824367,"{'colsample_bytree': 0.8329611783087483, 'learning_rate': 0.12643360178739088, 'max_depth': 6, 'min_child_samples': 44, 'n_estimators': 326, 'num_leaves': 56, 'reg_alpha': 9.717120953891037, 'reg_lambda': 8.48913824266084, 'subsample': 0.8608647605824367}",0.9247237786428899,0.9336412251862316,0.8502758953127487,0.8776719790116171,0.9335175808041115,0.9120649964185409,0.7303152306172866,0.8430575966547038,0.9052250395326933,0.9060141217789759,0.8816507443959798,0.05891934646449862,36
1.6652613401412963,0.035367804203945426,0.04763023853302002,0.003089904954495985,0.6179924598744779,0.06609229809703832,6,18,306,34,1.1089082081183133,4.393365018657701,0.6008596011676981,"{'colsample_bytree': 0.6179924598744779, 'learning_rate': 0.06609229809703832, 'max_depth': 6, 'min_child_samples': 18, 'n_estimators': 306, 'num_leaves': 34, 'reg_alpha': 1.1089082081183133, 'reg_lambda': 4.393365018657701, 'subsample': 0.6008596011676981}",0.9158626471977749,0.9289950600838269,0.8671024552844191,0.8706903535587991,0.9289700531189928,0.917537114965672,0.6922355759553163,0.821459156225864,0.8972074638659896,0.9002859497403255,0.874034582999698,0.06839665675450414,48
3.034403133392334,0.057619778731446004,0.0637361764907837,0.006863959416416396,0.9478817978367597,0.10556664017278011,8,41,487,49,1.3933145440587569,6.044173792778173,0.7699205456508366,"{'colsample_bytree': 0.9478817978367597, 'learning_rate': 0.10556664017278011, 'max_depth': 8, 'min_child_samples': 41, 'n_estimators': 487, 'num_leaves': 49, 'reg_alpha': 1.3933145440587569, 'reg_lambda': 6.044173792778173, 'subsample': 0.7699205456508366}",0.9105061281513076,0.9339465791921288,0.8482962194609933,0.8729902162644633,0.9311238978581556,0.9110405935678252,0.7266423665897936,0.855456844263264,0.9074976425916114,0.9037244676537333,0.8801224955593275,0.05823405042728915,38
1.5224647998809815,0.06292065679156505,0.048827838897705075,0.005139483670717193,0.6015306123673847,0.18971364270043656,6,31,383,21,6.2435404813379325,2.95633685837714,0.5527471299151353,"{'colsample_bytree': 0.6015306123673847, 'learning_rate': 0.18971364270043656, 'max_depth': 6, 'min_child_samples': 31, 'n_estimators': 383, 'num_leaves': 21, 'reg_alpha': 6.2435404813379325, 'reg_lambda': 2.95633685837714, 'subsample': 0.5527471299151353}",0.9231467087231806,0.9285099001529847,0.8666494890450847,0.8754765390854634,0.9301479165686926,0.9139520828202372,0.7046753727092352,0.8280461361855374,0.9018300393168076,0.9029173813012987,0.8775351565908522,0.06516136550424231,46
2.8105299949645994,0.021699183501363004,0.06645615100860595,0.005360623217009943,0.7282672852414551,0.059319278699030045,7,39,430,47,3.5629783807697493,9.06828441545754,0.6360661246923176,"{'colsample_bytree': 0.7282672852414551, 'learning_rate': 0.059319278699030045, 'max_depth': 7, 'min_child_samples': 39, 'n_estimators': 430, 'num_leaves': 47, 'reg_alpha': 3.5629783807697493, 'reg_lambda': 9.06828441545754, 'subsample': 0.6360661246923176}",0.9210461320043987,0.9334606637318117,0.8599870739381581,0.8846362235130208,0.9340308865650708,0.9130791967689732,0.7346763625553039,0.8564841672951298,0.9058422683960332,0.9084050022808173,0.8851647977048718,0.05644313854149155,16
2.163729023933411,0.023317882291110002,0.05878767967224121,0.004289695703736454,0.8238450602706812,0.02009366785915685,8,12,458,25,5.107473025775658,4.17411003148779,0.6110539052353652,"{'colsample_bytree': 0.8238450602706812, 'learning_rate': 0.02009366785915685, 'max_depth': 8, 'min_child_samples': 12, 'n_estimators': 458, 'num_leaves': 25, 'reg_alpha': 5.107473025775658, 'reg_lambda': 4.17411003148779, 'subsample': 0.6110539052353652}",0.926968269351778,0.9320923768394956,0.8675655520091383,0.888619678471547,0.9336235938359979,0.9139866712014051,0.7269612026232883,0.8680495792726123,0.9101040568462971,0.9118119643700415,0.8879782944821601,0.05833055938788602,1
1.2605976819992066,0.02078609498582731,0.03586335182189941,0.003527080623014056,0.5599326836668415,0.08077073085265303,6,41,195,43,7.030189588951778,3.63629602379294,0.9858910413604803,"{'colsample_bytree': 0.5599326836668415, 'learning_rate': 0.08077073085265303, 'max_depth': 6, 'min_child_samples': 41, 'n_estimators': 195, 'num_leaves': 43, 'reg_alpha': 7.030189588951778, 'reg_lambda': 3.63629602379294, 'subsample': 0.9858910413604803}",0.9129416628796437,0.9273390213952354,0.8649013772562941,0.8721526213180429,0.9268772397714017,0.9179559010180195,0.6824443991308391,0.820073315101207,0.8922514919985552,0.8969556185421667,0.8713892648411405,0.07040552488679919,50
0.9500001907348633,0.047671254180971526,0.027581334114074707,0.0017890473007716075,0.9812236474710556,0.06532081324856555,5,12,212,56,2.848404943774676,0.36886947354532795,0.8047821669899484,"{'colsample_bytree': 0.9812236474710556, 'learning_rate': 0.06532081324856555, 'max_depth': 5, 'min_child_samples': 12, 'n_estimators': 212, 'num_leaves': 56, 'reg_alpha': 2.848404943774676, 'reg_lambda': 0.36886947354532795, 'subsample': 0.8047821669899484}",0.9213674389980331,0.932127624868698,0.8687275348373655,0.8909773375391873,0.9349820173009789,0.9125734368125911,0.7262920083969364,0.854871950345258,0.9124346200546892,0.9122904360825442,0.8866644405236283,0.05887976769139851,10
1.3625718355178833,0.04121972000807463,0.04168987274169922,0.008852904073008889,0.7513395116144308,0.02926617522499808,8,41,324,20,2.395618906669724,1.448948720912231,0.7447263801387816,"{'colsample_bytree': 0.7513395116144308, 'learning_rate': 0.02926617522499808, 'max_depth': 8, 'min_child_samples': 41, 'n_estimators': 324, 'num_leaves': 20, 'reg_alpha': 2.395618906669724, 'reg_lambda': 1.448948720912231, 'subsample': 0.7447263801387816}",0.9267208272849077,0.9305125547992598,0.86803717785493,0.8874795588878811,0.9323637143222328,0.9131397851513341,0.7242267499770464,0.8731301647732401,0.9083649948886926,0.9112312842392978,0.8875206812178822,0.05856660344947536,3
1.5381932258605957,0.029554374165094058,0.03340835571289062,0.002737883547440065,0.9928252270553004,0.06356994887207007,7,20,283,36,7.282163486118596,3.677831327192532,0.8161529152967897,"{'colsample_bytree': 0.9928252270553004, 'learning_rate': 0.06356994887207007, 'max_depth': 7, 'min_child_samples': 20, 'n_estimators': 283, 'num_leaves': 36, 'reg_alpha': 7.282163486118596, 'reg_lambda': 3.677831327192532, 'subsample': 0.8161529152967897}",0.9186672985197992,0.9343071712763364,0.8657104531728484,0.8862043247066747,0.9352310739245335,0.9121780849526215,0.7317232768012557,0.8556889621359048,0.9116492811859574,0.9112516114037388,0.8862611538079671,0.05739019711410445,11
0.7015975475311279,0.038299930671408064,0.024436092376708983,0.0023281029877009187,0.8167648553804474,0.11643944313345653,4,18,223,25,6.958128067908818,8.583588048137198,0.6629794526009424,"{'colsample_bytree': 0.8167648553804474, 'learning_rate': 0.11643944313345653, 'max_depth': 4, 'min_child_samples': 18, 'n_estimators': 223, 'num_leaves': 25, 'reg_alpha': 6.958128067908818, 'reg_lambda': 8.583588048137198, 'subsample': 0.6629794526009424}",0.9289759663441326,0.931743064267481,0.8712006677560524,0.888951818507848,0.9336302871889608,0.9140240856570219,0.7220550215737074,0.8591186945131497,0.9079040797044634,0.9123367585476684,0.8869940444060486,0.05998765003343317,8
1.9705254554748535,0.020075113839721555,0.06321921348571777,0.003980127961491147,0.6101205237827741,0.1480069158388432,6,29,451,26,1.7436642900499144,6.90937738102466,0.6933676731502687,"{'colsample_bytree': 0.6101205237827741, 'learning_rate': 0.1480069158388432, 'max_depth': 6, 'min_child_samples': 29, 'n_estimators': 451, 'num_leaves': 26, 'reg_alpha': 1.7436642900499144, 'reg_lambda': 6.90937738102466, 'subsample': 0.6933676731502687}",0.9233980397331241,0.9282751605306636,0.8671498203379916,0.8736007880130174,0.930947221565839,0.9137352072465066,0.7092457957096172,0.8290557746641988,0.9015040587233322,0.9017368275728677,0.8778648694097158,0.06387118314828913,44
1.7790196418762207,0.08863255368018086,0.039368486404418944,0.0036692437019043987,0.9683649943683672,0.04475376994627878,7,34,250,50,8.77339353380981,2.579416277151556,0.8299920230170895,"{'colsample_bytree': 0.9683649943683672, 'learning_rate': 0.04475376994627878, 'max_depth': 7, 'min_child_samples': 34, 'n_estimators': 250, 'num_leaves': 50, 'reg_alpha': 8.77339353380981, 'reg_lambda': 2.579416277151556, 'subsample': 0.8299920230170895}",0.9209143544809612,0.9345028326825107,0.8662135132731905,0.8856182223427259,0.9346262139628145,0.9116927562803911,0.7318858495856027,0.8648889016552632,0.9119125047914461,0.9111892025265235,0.887344435158143,0.05698468456408064,5
2.1710973024368285,0.022289573810058708,0.043030738830566406,0.0022658808458783423,0.9086111001006079,0.11993614608790322,7,11,484,31,5.582934536070976,8.826363431893396,0.5943535541706897,"{'colsample_bytree': 0.9086111001006079, 'learning_rate': 0.11993614608790322, 'max_depth': 7, 'min_child_samples': 11, 'n_estimators': 484, 'num_leaves': 31, 'reg_alpha': 5.582934536070976, 'reg_lambda': 8.826363431893396, 'subsample': 0.5943535541706897}",0.9131706517596699,0.934315329677957,0.8548496645326156,0.8745590954700451,0.9332522501652311,0.9115623446783702,0.7304482881748595,0.8463811004071444,0.9070518942730943,0.9038651499383717,0.880945576907736,0.05773467577616823,37
1.6204646348953247,0.06285428650131916,0.04141499996185303,0.0037647470818373474,0.6394356762960909,0.14606440939509882,6,29,251,52,6.420316461542877,0.8413996499504883,0.5808143570473069,"{'colsample_bytree': 0.6394356762960909, 'learning_rate': 0.14606440939509882, 'max_depth': 6, 'min_child_samples': 29, 'n_estimators': 251, 'num_leaves': 52, 'reg_alpha': 6.420316461542877, 'reg_lambda': 0.8413996499504883, 'subsample': 0.5808143570473069}",0.9219899423290707,0.9318856261051084,0.8544441082638685,0.8809526693517612,0.9319896037550646,0.9123893977671702,0.731078133083781,0.8434542078079673,0.9033465182261036,0.9083120948470255,0.8819842301536921,0.05803607234160912,34
1.1486073017120362,0.03293762108902829,0.02798614501953125,0.002313106830968022,0.9492770942635396,0.12915723073872618,6,34,198,44,0.05061583846218687,1.6080805141749865,0.7743668946832931,"{'colsample_bytree': 0.9492770942635396, 'learning_rate': 0.12915723073872618, 'max_depth': 6, 'min_child_samples': 34, 'n_estimators': 198, 'num_leaves': 44, 'reg_alpha': 0.05061583846218687, 'reg_lambda': 1.6080805141749865, 'subsample': 0.7743668946832931}",0.917521650600385,0.9344185776315185,0.8588555060312791,0.8821335530890478,0.9334099003917221,0.9118362213129881,0.7283891016043027,0.8526382456908517,0.9102007635837152,0.9056781240351758,0.8835081643970986,0.0581979124096342,26
0.7804700374603272,0.01527059011657977,0.02828681468963623,0.0025484125166999523,0.8459475988463466,0.1373530267104681,4,45,260,23,2.3724908749680007,3.2539969815926773,0.8732457025590121,"{'colsample_bytree': 0.8459475988463466, 'learning_rate': 0.1373530267104681, 'max_depth': 4, 'min_child_samples': 45, 'n_estimators': 260, 'num_leaves': 23, 'reg_alpha': 2.3724908749680007, 'reg_lambda': 3.2539969815926773, 'subsample': 0.8732457025590121}",0.9249790591373214,0.9307303131273271,0.8688271966670655,0.8890256097833521,0.931507430619036,0.9134458185152848,0.7251939754772397,0.8493912869857715,0.9083209554701945,0.9102937200716305,0.8851715365854224,0.05910054856868382,15
0.8094168901443481,0.009035866210079284,0.03053615093231201,0.0031481946162413284,0.8248164495236073,0.172860213888952,4,42,275,31,5.0881407683876,6.3633261818589535,0.6252309093027921,"{'colsample_bytree': 0.8248164495236073, 'learning_rate': 0.172860213888952, 'max_depth': 4, 'min_child_samples': 42, 'n_estimators': 275, 'num_leaves': 31, 'reg_alpha': 5.0881407683876, 'reg_lambda': 6.3633261818589535, 'subsample': 0.6252309093027921}",0.9273715916507668,0.9331250787120918,0.8675974021730015,0.8897323876134473,0.9335171946741354,0.9143932935143279,0.7279729929082169,0.8390388928512849,0.9074729880542851,0.908898603281273,0.8849120425432829,0.05958230455316769,20
2.275183320045471,0.04368161181304654,0.05852162837982178,0.004502905367890242,0.7949354237802719,0.1962007144895016,6,17,382,46,7.948113035416484,5.026370931051921,0.7884519423131795,"{'colsample_bytree': 0.7949354237802719, 'learning_rate': 0.1962007144895016, 'max_depth': 6, 'min_child_samples': 17, 'n_estimators': 382, 'num_leaves': 46, 'reg_alpha': 7.948113035416484, 'reg_lambda': 5.026370931051921, 'subsample': 0.7884519423131795}",0.9186075703054647,0.9298837065004513,0.8478020950995457,0.8742382111318878,0.9303849649169357,0.9095370369367437,0.7305083168831019,0.8319404734570517,0.9030215016436429,0.9011058368321092,0.8777029713706934,0.05834387464375855,45
0.9403363466262817,0.015984808391081923,0.017960643768310545,0.001661153708412115,0.746258846909432,0.05514373780364801,8,28,103,54,7.68554014306309,0.4360377175443375,0.9972752553986706,"{'colsample_bytree': 0.746258846909432, 'learning_rate': 0.05514373780364801, 'max_depth': 8, 'min_child_samples': 28, 'n_estimators': 103, 'num_leaves': 54, 'reg_alpha': 7.68554014306309, 'reg_lambda': 0.4360377175443375, 'subsample': 0.9972752553986706}",0.9187564854959702,0.9337313711821447,0.8660087139550523,0.8885636504787373,0.9335311667948674,0.9152143331732573,0.7324926646051874,0.8649654812389412,0.9097606022747341,0.9083676454455527,0.8871392114644445,0.05650578447670352,6
2.2280322790145872,0.06715599767902962,0.06687302589416504,0.0034152096290000706,0.7349722569954715,0.07032086152341654,6,46,379,48,4.281841483173143,9.666548190436696,0.9818099885446264,"{'colsample_bytree': 0.7349722569954715, 'learning_rate': 0.07032086152341654, 'max_depth': 6, 'min_child_samples': 46, 'n_estimators': 379, 'num_leaves': 48, 'reg_alpha': 4.281841483173143, 'reg_lambda': 9.666548190436696, 'subsample': 0.9818099885446264}",0.9255186882444327,0.93354632686277,0.8598578513338324,0.8838151229286548,0.9327263320216644,0.9139259382757043,0.7322960771047349,0.8471633515666227,0.9074049045233669,0.9084570896674403,0.8844711682529225,0.0579189713306346,21
1.1059590816497802,0.032861385939323466,0.02454237937927246,0.0021142863689371997,0.92650472773368,0.07300080057252542,8,41,260,22,1.6949274668609249,5.568012624583502,0.9680773870803905,"{'colsample_bytree': 0.92650472773368, 'learning_rate': 0.07300080057252542, 'max_depth': 8, 'min_child_samples': 41, 'n_estimators': 260, 'num_leaves': 22, 'reg_alpha': 1.6949274668609249, 'reg_lambda': 5.568012624583502, 'subsample': 0.9680773870803905}",0.9237845129258947,0.932762130606126,0.8707121762846807,0.8862410035612687,0.9353011633113921,0.9117551959501259,0.7276285615331952,0.8552635336381795,0.9103681367959005,0.9129648879807233,0.8866781302587488,0.05855308043947753,9
1.8401343107223511,0.03428957347810245,0.06848948001861573,0.003282799541776979,0.8480148983374864,0.12261101061608569,5,41,441,42,1.4008401523652403,5.183296523637368,0.9386865359639778,"{'colsample_bytree': 0.8480148983374864, 'learning_rate': 0.12261101061608569, 'max_depth': 5, 'min_child_samples': 41, 'n_estimators': 441, 'num_leaves': 42, 'reg_alpha': 1.4008401523652403, 'reg_lambda': 5.183296523637368, 'subsample': 0.9386865359639778}",0.9276970709135843,0.9334832912029984,0.8582823090010512,0.8817770010034982,0.9330947763644544,0.9128749182872773,0.7314886431175205,0.8357625653836185,0.9065107465188686,0.9069865765445886,0.882795789833746,0.05905557442551275,29
1.6367949724197388,0.08942731950219951,0.04358522891998291,0.0023820152775161836,0.8703843088771022,0.14546283337914823,6,48,269,45,8.101133946791808,8.670723185801037,0.9566202762782356,"{'colsample_bytree': 0.8703843088771022, 'learning_rate': 0.14546283337914823, 'max_depth': 6, 'min_child_samples': 48, 'n_estimators': 269, 'num_leaves': 45, 'reg_alpha': 8.101133946791808, 'reg_lambda': 8.670723185801037, 'subsample': 0.9566202762782356}",0.9231599060294206,0.9322662610645694,0.8539761707567797,0.8796767536187136,0.9322445273117663,0.9125223329840769,0.7307775889348291,0.8466787867597928,0.9048607085046032,0.9084085974455518,0.8824571633410103,0.058139001043044175,31
1.9369378566741944,0.02802489426430685,0.03821723461151123,0.003161764580423852,0.7556711994304689,0.11027293304369593,8,29,420,27,7.019668772577034,7.95792669436101,0.9450026709087831,"{'colsample_bytree': 0.7556711994304689, 'learning_rate': 0.11027293304369593, 'max_depth': 8, 'min_child_samples': 29, 'n_estimators': 420, 'num_leaves': 27, 'reg_alpha': 7.019668772577034, 'reg_lambda': 7.95792669436101, 'subsample': 0.9450026709087831}",0.9195244712054567,0.9318404139400995,0.8588886343428939,0.8796823317043331,0.9331495665028657,0.9125888917114486,0.7307349970798611,0.8435766788580419,0.9043793633243014,0.90735784803926,0.8821723196708561,0.057865905501168775,32
1.3319381952285767,0.05868648358440993,0.05405936241149902,0.015306840693948215,0.6689975784257679,0.08760493147518993,5,41,314,41,3.2815266747473193,1.550416167277442,0.9909204441552655,"{'colsample_bytree': 0.6689975784257679, 'learning_rate': 0.08760493147518993, 'max_depth': 5, 'min_child_samples': 41, 'n_estimators': 314, 'num_leaves': 41, 'reg_alpha': 3.2815266747473193, 'reg_lambda': 1.550416167277442, 'subsample': 0.9909204441552655}",0.9282528137823001,0.9335189851789185,0.8656265107345877,0.8844710754900015,0.9340763819055184,0.9148261909716195,0.7249872848910639,0.8472866229157708,0.9083155612122384,0.9097892615139668,0.8851150688595986,0.06006909428266784,17
1.079788899421692,0.02848669991546489,0.04195370674133301,0.0035041660741679547,0.9194667510346817,0.17487283129610154,4,15,370,56,5.222432600548044,7.699935530986108,0.6079105137484215,"{'colsample_bytree': 0.9194667510346817, 'learning_rate': 0.17487283129610154, 'max_depth': 4, 'min_child_samples': 15, 'n_estimators': 370, 'num_leaves': 56, 'reg_alpha': 5.222432600548044, 'reg_lambda': 7.699935530986108, 'subsample': 0.6079105137484215}",0.9265672772141577,0.9333518622725591,0.8622284251103294,0.88444373252902,0.933440189228733,0.9137791310059001,0.7312569944100209,0.8209036677731536,0.9066142957018766,0.9069802909875369,0.8819565866233287,0.06030109815268298,35
3.3450679063796995,0.04639068595203081,0.07778449058532715,0.004803272786275846,0.8114452379095001,0.03536254369887824,8,41,471,49,5.406351216101065,6.374299014982066,0.8630456668613308,"{'colsample_bytree': 0.8114452379095001, 'learning_rate': 0.03536254369887824, 'max_depth': 8, 'min_child_samples': 41, 'n_estimators': 471, 'num_leaves': 49, 'reg_alpha': 5.406351216101065, 'reg_lambda': 6.374299014982066, 'subsample': 0.8630456668613308}",0.9211831881485141,0.9339517890453104,0.8644562567676428,0.885546987443977,0.9350919437203772,0.9143182762275999,0.7313431500394683,0.8553951889366049,0.9081433685771162,0.9101914311715277,0.8859621580078139,0.05757121511169471,13
1.1901600360870361,0.027903768603674953,0.03002166748046875,0.002754275611475602,0.9879260397312672,0.11293406269421516,6,26,219,38,4.389714207056361,0.7845638134226596,0.5126753717077288,"{'colsample_bytree': 0.9879260397312672, 'learning_rate': 0.11293406269421516, 'max_depth': 6, 'min_child_samples': 26, 'n_estimators': 219, 'num_leaves': 38, 'reg_alpha': 4.389714207056361, 'reg_lambda': 0.7845638134226596, 'subsample': 0.5126753717077288}",0.920183348131524,0.9344672597874972,0.8623657101676169,0.8832083844081055,0.9329054959679652,0.9118128684082454,0.7307599705481593,0.8458865377933391,0.9088868296664034,0.9061196947321457,0.8836596099611003,0.05790748698494122,25
0.7274818897247315,0.0627043238443872,0.02345573902130127,0.0022632262249608266,0.9813242073389625,0.17047642169219704,4,21,228,20,4.423522297311044,2.397873591574032,0.5469366450406459,"{'colsample_bytree': 0.9813242073389625, 'learning_rate': 0.17047642169219704, 'max_depth': 4, 'min_child_samples': 21, 'n_estimators': 228, 'num_leaves': 20, 'reg_alpha': 4.423522297311044, 'reg_lambda': 2.397873591574032, 'subsample': 0.5469366450406459}",0.9278668431601853,0.9319880947656298,0.8677567133433981,0.8886033435322206,0.9351376350093815,0.9134244174795358,0.7248249734549355,0.8316254097412512,0.9062835076439635,0.9090972718553214,0.8836608209985822,0.060990253716036114,24
1.105180549621582,0.1861440544547113,0.04360809326171875,0.013634532003921023,0.5914329985536537,0.18823051952114775,4,25,288,58,6.571113285001669,4.3567289867789105,0.8650196582809093,"{'colsample_bytree': 0.5914329985536537, 'learning_rate': 0.18823051952114775, 'max_depth': 4, 'min_child_samples': 25, 'n_estimators': 288, 'num_leaves': 58, 'reg_alpha': 6.571113285001669, 'reg_lambda': 4.3567289867789105, 'subsample': 0.8650196582809093}",0.9240647064083696,0.9283198263965468,0.8672556930489047,0.8785401728838589,0.9316848994565647,0.9162037361653719,0.7011876562346357,0.844026103760006,0.9025688214173451,0.9044433475101363,0.8798294963281741,0.06541987885122146,39
1.700090193748474,0.2874841241231652,0.03696460723876953,0.007374388167893977,0.5238580638458243,0.12188669788893373,6,46,185,48,1.1607264050691624,0.4600264202175275,0.520364401159485,"{'colsample_bytree': 0.5238580638458243, 'learning_rate': 0.12188669788893373, 'max_depth': 6, 'min_child_samples': 46, 'n_estimators': 185, 'num_leaves': 48, 'reg_alpha': 1.1607264050691624, 'reg_lambda': 0.4600264202175275, 'subsample': 0.520364401159485}",0.9142569405776354,0.926893543194816,0.8654639476309718,0.8701227715072142,0.9260558925080736,0.9161934302767225,0.6883577938042844,0.8167799059829532,0.8937670898593554,0.8988941264074517,0.8716785441749477,0.06905800348307757,49
2.496796989440918,0.17166773192464774,0.03898699283599853,0.004625314136198514,0.9277302920055036,0.14665841468840424,7,25,317,45,4.916158751168323,4.734717707805657,0.5866009349550076,"{'colsample_bytree': 0.9277302920055036, 'learning_rate': 0.14665841468840424, 'max_depth': 7, 'min_child_samples': 25, 'n_estimators': 317, 'num_leaves': 45, 'reg_alpha': 4.916158751168323, 'reg_lambda': 4.734717707805657, 'subsample': 0.5866009349550076}",0.9079425494706059,0.9336187652201074,0.852567400933076,0.8745223657794203,0.9322870174117305,0.9120158757402453,0.731074651191816,0.8393139158356823,0.9077809849979902,0.9028845909618066,0.879400811754248,0.05772631361846282,40
1.203477144241333,0.08867096391156126,0.029683876037597656,0.0018022852050222974,0.7169258246189865,0.09173085219152723,5,14,199,53,2.6089362334171398,0.1530454029038475,0.9667181540397415,"{'colsample_bytree': 0.7169258246189865, 'learning_rate': 0.09173085219152723, 'max_depth': 5, 'min_child_samples': 14, 'n_estimators': 199, 'num_leaves': 53, 'reg_alpha': 2.6089362334171398, 'reg_lambda': 0.1530454029038475, 'subsample': 0.9667181540397415}",0.9295814034635638,0.9336973487750788,0.867376439315213,0.8859789387376094,0.9342640554872623,0.915717937243519,0.7238166717635512,0.8399947942625268,0.909273889758451,0.9097103177637947,0.884941179657057,0.06102978054264221,19
1.1712178707122802,0.13049772010917274,0.017157340049743654,0.0022022077168759816,0.7505199419576296,0.11708794071201126,8,13,115,43,9.438916045607572,9.442515971251673,0.9335994667775018,"{'colsample_bytree': 0.7505199419576296, 'learning_rate': 0.11708794071201126, 'max_depth': 8, 'min_child_samples': 13, 'n_estimators': 115, 'num_leaves': 43, 'reg_alpha': 9.438916045607572, 'reg_lambda': 9.442515971251673, 'subsample': 0.9335994667775018}",0.9191635237379837,0.9333166206113357,0.8659293678901994,0.8870708695150462,0.9342296949367697,0.9140726718123621,0.7287582106818102,0.8617173578167809,0.907819879551631,0.9105319733217258,0.8862610169875644,0.05766169255527656,12
3.829161286354065,0.16369928040911744,0.08640985488891602,0.007103261963086146,0.8182017987230057,0.16417087304283193,7,44,479,52,4.582528904915167,5.45616789315935,0.9707324043882626,"{'colsample_bytree': 0.8182017987230057, 'learning_rate': 0.16417087304283193, 'max_depth': 7, 'min_child_samples': 44, 'n_estimators': 479, 'num_leaves': 52, 'reg_alpha': 4.582528904915167, 'reg_lambda': 5.45616789315935, 'subsample': 0.9707324043882626}",0.9107819979920416,0.9307548619026199,0.8437244815748015,0.8753300482527594,0.9302847126529321,0.9090417301992155,0.7291674788763953,0.8477998182311698,0.9009852307585351,0.9039385157434334,0.8781808876183904,0.057446431912602895,43
2.722064661979675,0.05781559527880728,0.08393259048461914,0.005025696053596985,0.6930513189003871,0.19301430148830453,5,38,496,31,1.0077800137742665,0.18221825651549728,0.5472214803779643,"{'colsample_bytree': 0.6930513189003871, 'learning_rate': 0.19301430148830453, 'max_depth': 5, 'min_child_samples': 38, 'n_estimators': 496, 'num_leaves': 31, 'reg_alpha': 1.0077800137742665, 'reg_lambda': 0.18221825651549728, 'subsample': 0.5472214803779643}",0.9237250359656395,0.9319332588735392,0.8505952105982044,0.8762528002137513,0.9297539494383872,0.9087144724833285,0.7268363923601793,0.8296968695028089,0.9043904732580355,0.9022924564260001,0.8784190919119872,0.05986981998188147,42
1.8728123903274536,0.05362559491465845,0.031995415687561035,0.0025071886412194647,0.8415033867081785,0.032813956722841216,8,35,189,53,2.606945282359031,4.960374542934062,0.8464451793459697,"{'colsample_bytree': 0.8415033867081785, 'learning_rate': 0.032813956722841216, 'max_depth': 8, 'min_child_samples': 35, 'n_estimators': 189, 'num_leaves': 53, 'reg_alpha': 2.606945282359031, 'reg_lambda': 4.960374542934062, 'subsample': 0.8464451793459697}",0.9217567190189855,0.933993257499822,0.8656910564682454,0.8894087398543824,0.9345088596846534,0.9153668244666084,0.7321548117474722,0.8632955333850474,0.9102566972259281,0.9105003428326035,0.8876932842183749,0.05706601883773251,2
3.0000137805938722,0.07487958301396515,0.05737845897674561,0.003675483314876972,0.6741683022265987,0.1885966673340273,7,34,376,55,1.7743954377972282,7.506147516408584,0.9034173696336321,"{'colsample_bytree': 0.6741683022265987, 'learning_rate': 0.1885966673340273, 'max_depth': 7, 'min_child_samples': 34, 'n_estimators': 376, 'num_leaves': 55, 'reg_alpha': 1.7743954377972282, 'reg_lambda': 7.506147516408584, 'subsample': 0.9034173696336321}",0.9069554013537345,0.9311284824451272,0.8433195145924108,0.8746399495671574,0.9304452012909654,0.9087962001511554,0.7273455197541405,0.8330980059118248,0.9003773574101726,0.9026454273708404,0.8758751059847528,0.0586088175653915,47
