mean_fit_time,std_fit_time,mean_score_time,std_score_time,param_colsample_bytree,param_gamma,param_learning_rate,param_max_depth,param_min_child_weight,param_n_estimators,param_reg_alpha,param_reg_lambda,param_subsample,params,split0_test_score,split1_test_score,split2_test_score,split3_test_score,split4_test_score,split5_test_score,split6_test_score,split7_test_score,split8_test_score,split9_test_score,mean_test_score,std_test_score,rank_test_score
0.5434954166412354,0.08671952082062206,0.008811450004577637,0.005477283182550707,0.6872700594236812,10.50714306409916,0.3686770314875885,5,3,221,2.5599452033620267,146.46688973455957,0.8795585311974417,"{'colsample_bytree': 0.6872700594236812, 'gamma': 10.50714306409916, 'learning_rate': 0.3686770314875885, 'max_depth': 5, 'min_child_weight': 3, 'n_estimators': 221, 'reg_alpha': 2.5599452033620267, 'reg_lambda': 146.46688973455957, 'subsample': 0.8795585311974417}",0.9289657594868442,0.9291306239736987,0.8650184295075452,0.8845941760158622,0.9319117917844213,0.9082675273197238,0.7142576162925491,0.824766616188888,0.9041951704705654,0.8989607781507144,0.8790068489190812,0.06325126345349358,34
0.46991629600524903,0.0124951149927994,0.009790992736816407,0.0032772210781549806,0.8005575058716043,8.080725777960454,0.020086402204943198,2,4,393,1.0077876584101433,893.769247432974,0.6557333586649449,"{'colsample_bytree': 0.8005575058716043, 'gamma': 8.080725777960454, 'learning_rate': 0.020086402204943198, 'max_depth': 2, 'min_child_weight': 4, 'n_estimators': 393, 'reg_alpha': 1.0077876584101433, 'reg_lambda': 893.769247432974, 'subsample': 0.6557333586649449}",0.921343374327316,0.9145248517283534,0.8269057762112177,0.900441751002669,0.9096880939280313,0.9018020385711085,0.6563525988894201,0.8801864563924786,0.9019795970579202,0.8839157827413112,0.8697140320849825,0.07546749833516307,39
0.27793800830841064,0.008381766520128005,0.006574487686157227,0.0020215607493419595,0.8058265802441404,1.070663052197174,0.02130058827029372,3,4,154,10.832308858067883,473.41031459838393,0.8739463660626885,"{'colsample_bytree': 0.8058265802441404, 'gamma': 1.070663052197174, 'learning_rate': 0.02130058827029372, 'max_depth': 3, 'min_child_weight': 4, 'n_estimators': 154, 'reg_alpha': 10.832308858067883, 'reg_lambda': 473.41031459838393, 'subsample': 0.8739463660626885}",0.9110697632679262,0.9018869821759345,0.8478455714293837,0.8923241347698018,0.9033206917773272,0.9069217256361592,0.6934700183736455,0.8801789197380948,0.906150646194083,0.8481498002546832,0.869131825361704,0.06261739463385871,40
0.5190869092941284,0.012849095148514648,0.004995203018188477,0.001736728748083922,0.8401537692938899,5.5049925196954295,0.0164998309683346,9,4,113,9.08397348116461,343.69101533869656,0.1879049026057455,"{'colsample_bytree': 0.8401537692938899, 'gamma': 5.5049925196954295, 'learning_rate': 0.0164998309683346, 'max_depth': 9, 'min_child_weight': 4, 'n_estimators': 113, 'reg_alpha': 9.08397348116461, 'reg_lambda': 343.69101533869656, 'subsample': 0.1879049026057455}",0.8581859988563287,0.8625213727270512,0.8340308781564704,0.8479498970081195,0.828541621025033,0.8812902421654233,0.699016817833467,0.802173026744026,0.8785592910581326,0.73596312060093,0.8228232266174981,0.05782747265091498,50
0.6132173538208008,0.012573196553515227,0.006316494941711426,0.0014825339363868282,0.8421165132560784,5.4015249373960135,0.06979873507394162,8,3,134,10.093204020787821,307.02398528001356,0.6962700559185838,"{'colsample_bytree': 0.8421165132560784, 'gamma': 5.4015249373960135, 'learning_rate': 0.06979873507394162, 'max_depth': 8, 'min_child_weight': 3, 'n_estimators': 134, 'reg_alpha': 10.093204020787821, 'reg_lambda': 307.02398528001356, 'subsample': 0.6962700559185838}",0.9258065411761779,0.934590798434173,0.8662109374517495,0.8909223376038009,0.9320426978354219,0.9153517145665254,0.7245752644646867,0.8596868767433834,0.911225144947703,0.9078807063143286,0.886829301953795,0.05933079935090111,8
1.0468119859695435,0.2659710322123562,0.01180264949798584,0.003625660649674201,0.6558555380447055,6.200680211778108,0.277888036878207,6,1,290,9.422847745949985,459.8033066958125,0.45563521240163296,"{'colsample_bytree': 0.6558555380447055, 'gamma': 6.200680211778108, 'learning_rate': 0.277888036878207, 'max_depth': 6, 'min_child_weight': 1, 'n_estimators': 290, 'reg_alpha': 9.422847745949985, 'reg_lambda': 459.8033066958125, 'subsample': 0.45563521240163296}",0.9296987013461988,0.9301505330976306,0.865231043485971,0.8873867707330079,0.9328364616545455,0.9090478518074417,0.7162575156093445,0.8403395159408025,0.9040335494893215,0.8985959347243084,0.8813577877888573,0.06179217775852741,27
1.1201510429382324,0.10483433908197369,0.010826873779296874,0.0028488142849861825,0.9633294328968971,8.27271995856421,0.17000497671485934,7,4,289,4.253303307632644,410.9418317515856,0.34421412859650635,"{'colsample_bytree': 0.9633294328968971, 'gamma': 8.27271995856421, 'learning_rate': 0.17000497671485934, 'max_depth': 7, 'min_child_weight': 4, 'n_estimators': 289, 'reg_alpha': 4.253303307632644, 'reg_lambda': 410.9418317515856, 'subsample': 0.34421412859650635}",0.9238755231225568,0.9326435195953606,0.8549387629836279,0.8847406903043495,0.9339057886727923,0.9131635228889674,0.7269208931864359,0.8615670839797076,0.9072323689963276,0.90725604984653,0.8846244203576656,0.058648292052416104,15
0.8191616535186768,0.07266683253685013,0.00922856330871582,0.004052843240658481,0.9143687545759647,4.567533266935893,0.14765790974681658,9,1,114,2.6526693906300247,112.50912539295514,0.4810613326357327,"{'colsample_bytree': 0.9143687545759647, 'gamma': 4.567533266935893, 'learning_rate': 0.14765790974681658, 'max_depth': 9, 'min_child_weight': 1, 'n_estimators': 114, 'reg_alpha': 2.6526693906300247, 'reg_lambda': 112.50912539295514, 'subsample': 0.4810613326357327}",0.9191117336858255,0.9325389960353504,0.8526958466385939,0.8862761677754184,0.9325997413194241,0.9134670943018672,0.7288609971331863,0.8445360627933209,0.9074706066795258,0.9071955349980154,0.8824752781360529,0.058732793602345845,22
0.8898694515228271,0.009543067045993794,0.012375926971435547,0.0020822637807212693,0.6974407590877849,3.9348817471803814,0.016899113130391386,3,1,491,8.290071680409874,717.0162773487566,0.16664018656068133,"{'colsample_bytree': 0.6974407590877849, 'gamma': 3.9348817471803814, 'learning_rate': 0.016899113130391386, 'max_depth': 3, 'min_child_weight': 1, 'n_estimators': 491, 'reg_alpha': 8.290071680409874, 'reg_lambda': 717.0162773487566, 'subsample': 0.16664018656068133}",0.9206385031960931,0.9190226368872486,0.8451621655922692,0.8971133129983788,0.9121608258531575,0.9032765644527674,0.6819671191656161,0.8781950781334636,0.8985988001604408,0.8784554411194728,0.8734590447558908,0.06737777912704859,37
0.6590250730514526,0.014110435258525683,0.00853726863861084,0.0009138447755915077,0.6792328642721364,2.158690595251297,0.4329206786790408,8,4,132,1.6355835028602363,348.7858573725298,0.3926649898240724,"{'colsample_bytree': 0.6792328642721364, 'gamma': 2.158690595251297, 'learning_rate': 0.4329206786790408, 'max_depth': 8, 'min_child_weight': 4, 'n_estimators': 132, 'reg_alpha': 1.6355835028602363, 'reg_lambda': 348.7858573725298, 'subsample': 0.3926649898240724}",0.9281920528321453,0.9285953304912066,0.8644400867650475,0.8856615702173651,0.9299391018413801,0.9077296178597705,0.7161668066854512,0.8392052163497294,0.9031339742021136,0.8936940166906712,0.8796757773934882,0.061194914196803424,33
0.24257276058197022,0.006965227233868785,0.008024239540100097,0.0019421282294964624,0.864803089169032,7.3755747135521315,0.4447342438624,1,3,200,10.717120953891037,779.1310594128671,0.7495565690483859,"{'colsample_bytree': 0.864803089169032, 'gamma': 7.3755747135521315, 'learning_rate': 0.4447342438624, 'max_depth': 1, 'min_child_weight': 3, 'n_estimators': 200, 'reg_alpha': 10.717120953891037, 'reg_lambda': 779.1310594128671, 'subsample': 0.7495565690483859}",0.8864561515300075,0.8797479831376346,0.8038695661936022,0.8859255838786897,0.8881633283525179,0.890956518894578,0.5807428756720752,0.8257706022364455,0.8758010241955272,0.8746160277883124,0.839204966187939,0.09053138179500904,46
0.7622310161590576,0.006913437331889342,0.013628697395324707,0.0011044825349247462,0.6179924598744779,3.5606832276132394,0.02981245887383136,3,3,451,7.364104112637804,351.48478486106137,0.5577136220482325,"{'colsample_bytree': 0.6179924598744779, 'gamma': 3.5606832276132394, 'learning_rate': 0.02981245887383136, 'max_depth': 3, 'min_child_weight': 3, 'n_estimators': 451, 'reg_alpha': 7.364104112637804, 'reg_lambda': 351.48478486106137, 'subsample': 0.5577136220482325}",0.930333482685622,0.9255167593745792,0.8553775386277417,0.895459580855655,0.9198012272893502,0.9075161797574746,0.6949595291369259,0.8782763482744278,0.9021808142787612,0.8929275908671037,0.880234905114764,0.06534009726480221,32
0.5611015796661377,0.013074628706342512,0.008272409439086914,0.003060611876382487,0.9537832369630466,3.4929222914887497,0.21108763228745858,4,1,259,6.98865466488536,655.8279464317636,0.8924210551137319,"{'colsample_bytree': 0.9537832369630466, 'gamma': 3.4929222914887497, 'learning_rate': 0.21108763228745858, 'max_depth': 4, 'min_child_weight': 1, 'n_estimators': 259, 'reg_alpha': 6.98865466488536, 'reg_lambda': 655.8279464317636, 'subsample': 0.8924210551137319}",0.9272636455914248,0.9320585354653642,0.866991004771094,0.8928681083336371,0.9344317307417813,0.913420319583575,0.7244707254289119,0.858888497161574,0.910589424628347,0.9073505149598146,0.8868332506665524,0.05933833311831664,7
0.8879191398620605,0.006370819940113225,0.012406516075134277,0.0023526868744390404,0.8121770240668966,3.95633685837714,0.0616921873168326,4,2,430,4.24345021005274,197.6703637605387,0.42066805426927745,"{'colsample_bytree': 0.8121770240668966, 'gamma': 3.95633685837714, 'learning_rate': 0.0616921873168326, 'max_depth': 4, 'min_child_weight': 2, 'n_estimators': 430, 'reg_alpha': 4.24345021005274, 'reg_lambda': 197.6703637605387, 'subsample': 0.42066805426927745}",0.9289642802028656,0.9316695274411296,0.8705955631530796,0.8936746630200063,0.9324616346862994,0.9146058698093376,0.7211635282780188,0.8859866627163918,0.9092553261605015,0.9111323934260093,0.8899509448893639,0.05949136227130584,1
2.125152826309204,0.025177027216450702,0.013952136039733887,0.0024300096899862204,0.9534142207728771,3.721322493846353,0.32736815906526756,9,4,332,4.04781258158029,231.7246825143534,0.5806804774378977,"{'colsample_bytree': 0.9534142207728771, 'gamma': 3.721322493846353, 'learning_rate': 0.32736815906526756, 'max_depth': 9, 'min_child_weight': 4, 'n_estimators': 332, 'reg_alpha': 4.04781258158029, 'reg_lambda': 231.7246825143534, 'subsample': 0.5806804774378977}",0.905368728531482,0.928680388867855,0.8266534867982054,0.8720406707093508,0.9276170463959247,0.9076614229872978,0.7205864368290197,0.8450809325344171,0.895879964484262,0.9008961569760494,0.8730465235113863,0.05982677591302731,38
1.7885823249816895,0.019816927231513307,0.01391165256500244,0.002365002745087536,0.7424149856794916,7.924360328902703,0.14201204356127553,8,3,414,4.232029320207552,515.0324973946929,0.7327170630056601,"{'colsample_bytree': 0.7424149856794916, 'gamma': 7.924360328902703, 'learning_rate': 0.14201204356127553, 'max_depth': 8, 'min_child_weight': 3, 'n_estimators': 414, 'reg_alpha': 4.232029320207552, 'reg_lambda': 515.0324973946929, 'subsample': 0.7327170630056601}",0.928437444231962,0.9297690344225125,0.8660528519617923,0.8865168689251705,0.9309251168087034,0.9088988020735403,0.7158470850041276,0.8394484965462218,0.9029476496451229,0.894685522921425,0.8803528872540577,0.061498180006323004,31
1.6796503782272338,0.013921513473497892,0.015380001068115235,0.0025884623091306943,0.681814801189647,10.717820827209607,0.4815991745216345,7,2,486,4.008783098167696,327.8723955019741,0.13319825261907953,"{'colsample_bytree': 0.681814801189647, 'gamma': 10.717820827209607, 'learning_rate': 0.4815991745216345, 'max_depth': 7, 'min_child_weight': 2, 'n_estimators': 486, 'reg_alpha': 4.008783098167696, 'reg_lambda': 327.8723955019741, 'subsample': 0.13319825261907953}",0.9272777301567576,0.92858452677245,0.8603861272308053,0.8791583519946101,0.9312545677558725,0.9042342000786073,0.7064503157732959,0.8245156609175266,0.9003126805220052,0.8946302627580671,0.8756804423959998,0.06467878178673785,36
0.8236716985702515,0.01568609001295623,0.01072678565979004,0.0021183724721411854,0.8047821669899484,6.026790232288615,0.035224588112494785,5,4,324,7.343513447013638,644.5643612438134,0.5778411249854227,"{'colsample_bytree': 0.8047821669899484, 'gamma': 6.026790232288615, 'learning_rate': 0.035224588112494785, 'max_depth': 5, 'min_child_weight': 4, 'n_estimators': 324, 'reg_alpha': 7.343513447013638, 'reg_lambda': 644.5643612438134, 'subsample': 0.5778411249854227}",0.9288203144292088,0.9327789050027544,0.8684564359667477,0.8954741573496766,0.9291849569129376,0.9157490104712015,0.7192342470134041,0.8767788825776499,0.9100660292544325,0.9054577903792966,0.888200072935731,0.05997878561802813,2
1.049178385734558,0.01501461868718484,0.009818720817565917,0.0010674649841971367,0.7238915822865458,6.52893089071328,0.30042139470090284,7,3,283,3.3763754399239967,682.5730788894876,0.43100481944732794,"{'colsample_bytree': 0.7238915822865458, 'gamma': 6.52893089071328, 'learning_rate': 0.30042139470090284, 'max_depth': 7, 'min_child_weight': 3, 'n_estimators': 283, 'reg_alpha': 3.3763754399239967, 'reg_lambda': 682.5730788894876, 'subsample': 0.43100481944732794}",0.9284705414481025,0.930199445676722,0.8654104315894764,0.884660816111289,0.933000888366379,0.9083771230676628,0.7153212168577034,0.837763986079132,0.9046858431682216,0.8974838342396023,0.8805374126604292,0.062075342453419405,30
0.26257779598236086,0.00692795596571317,0.008862471580505371,0.0015437861755220308,0.8161529152967897,7.335297107608947,0.27252959519663167,1,1,223,6.0819877674071865,656.6502454327054,0.8725229243323479,"{'colsample_bytree': 0.8161529152967897, 'gamma': 7.335297107608947, 'learning_rate': 0.27252959519663167, 'max_depth': 1, 'min_child_weight': 1, 'n_estimators': 223, 'reg_alpha': 6.0819877674071865, 'reg_lambda': 656.6502454327054, 'subsample': 0.8725229243323479}",0.8839643220899963,0.8793366479870577,0.8030919850653928,0.8868863885091681,0.8889096898436796,0.8896894260260162,0.5764489092395755,0.825670406144926,0.8747151207011794,0.8732638181224766,0.8381976713729469,0.09156725251015285,47
0.7750484943389893,0.022664276221329695,0.015416145324707031,0.005725659752126199,0.6629794526009424,3.202410475655483,0.35846327089462876,3,4,451,1.9617655109142076,852.4186115916832,0.4578148189787701,"{'colsample_bytree': 0.6629794526009424, 'gamma': 3.202410475655483, 'learning_rate': 0.35846327089462876, 'max_depth': 3, 'min_child_weight': 4, 'n_estimators': 451, 'reg_alpha': 1.9617655109142076, 'reg_lambda': 852.4186115916832, 'subsample': 0.4578148189787701}",0.9285981110113566,0.9290189067062016,0.8686171182937608,0.8901788373902724,0.9330037133261682,0.9124241736283473,0.712314326840666,0.8716856943535737,0.9058996601482663,0.8999832147755581,0.8851723756474172,0.06152132006744177,12
1.2811805963516236,0.02327878323403492,0.010736536979675294,0.0027694637372439337,0.75887567526374,9.37710105907328,0.3410881573492476,9,1,250,6.414479738275658,656.6275194760658,0.30569501961756973,"{'colsample_bytree': 0.75887567526374, 'gamma': 9.37710105907328, 'learning_rate': 0.3410881573492476, 'max_depth': 9, 'min_child_weight': 1, 'n_estimators': 250, 'reg_alpha': 6.414479738275658, 'reg_lambda': 656.6275194760658, 'subsample': 0.30569501961756973}",0.9178443676929472,0.9314042145740686,0.8422378131412205,0.878865411135822,0.9335391249924442,0.9103639818933144,0.7187525287669896,0.8673757513016372,0.9036297450799348,0.9077987854853202,0.8811811724063698,0.06063627055680663,28
0.48759734630584717,0.010417818565343325,0.011491870880126953,0.00185680372628053,0.587477463547968,10.821683433294355,0.263151586722797,1,2,484,1.9310276780589921,817.7726063626613,0.9103762514469974,"{'colsample_bytree': 0.587477463547968, 'gamma': 10.821683433294355, 'learning_rate': 0.263151586722797, 'max_depth': 1, 'min_child_weight': 2, 'n_estimators': 484, 'reg_alpha': 1.9310276780589921, 'reg_lambda': 817.7726063626613, 'subsample': 0.9103762514469974}",0.8832957862790328,0.8804659890343431,0.8051526702405747,0.886894341854399,0.8851926696191199,0.891565560787766,0.5853894718669291,0.8262901476220372,0.8764444293510634,0.8765396275380364,0.8397230694193301,0.08905272399445797,44
0.4505167484283447,0.010023056739676402,0.008409786224365234,0.001883170788409925,0.816550728636634,4.390297910487007,0.18111269156020385,3,4,251,5.045081271221901,810.2160790087678,0.8658356038907614,"{'colsample_bytree': 0.816550728636634, 'gamma': 4.390297910487007, 'learning_rate': 0.18111269156020385, 'max_depth': 3, 'min_child_weight': 4, 'n_estimators': 251, 'reg_alpha': 5.045081271221901, 'reg_lambda': 810.2160790087678, 'subsample': 0.8658356038907614}",0.9283048127400766,0.9288350061385222,0.8678138587777166,0.892084638213763,0.931035316987669,0.9152852883541838,0.7144817574007942,0.8883032516782078,0.9093306354893307,0.9055713891549311,0.8881045954935194,0.06097948711924891,3
0.3786461353302002,0.006488525416630406,0.008111691474914551,0.0021283686446728115,0.9678174971104738,8.853406511139436,0.337804244809972,3,4,198,10.736638367553173,327.1367797899726,0.3748274743099541,"{'colsample_bytree': 0.9678174971104738, 'gamma': 8.853406511139436, 'learning_rate': 0.337804244809972, 'max_depth': 3, 'min_child_weight': 4, 'n_estimators': 198, 'reg_alpha': 10.736638367553173, 'reg_lambda': 327.1367797899726, 'subsample': 0.3748274743099541}",0.9285770565424012,0.9276598553713669,0.8704049857056912,0.8927503028907906,0.9312087765522344,0.9123401388585364,0.7103808997724204,0.86951427612774,0.9082347498660877,0.905193295314699,0.8856264337001967,0.06208862647131944,9
0.3832726240158081,0.014229295234438529,0.007332658767700196,0.002721664754126942,0.7428068767931133,5.4842414298624735,0.49728415667930215,4,1,167,3.3724908749680007,360.3197585274142,0.7718422646062217,"{'colsample_bytree': 0.7428068767931133, 'gamma': 5.4842414298624735, 'learning_rate': 0.49728415667930215, 'max_depth': 4, 'min_child_weight': 1, 'n_estimators': 167, 'reg_alpha': 3.3724908749680007, 'reg_lambda': 360.3197585274142, 'subsample': 0.7718422646062217}",0.9285423590809166,0.9296366122091401,0.8661182501182876,0.8847895600132545,0.9351201593768734,0.9098926789041795,0.7129391828413083,0.8464423948543258,0.9027213545649877,0.8991125521465059,0.8815315104109779,0.06233869170724931,26
0.4612927198410034,0.008665073049426483,0.010347199440002442,0.001982646870620528,0.8248164495236073,9.49223410494178,0.3322303172271682,1,4,470,7.3633261818589535,300.3694548844673,0.6308837628044894,"{'colsample_bytree': 0.8248164495236073, 'gamma': 9.49223410494178, 'learning_rate': 0.3322303172271682, 'max_depth': 1, 'min_child_weight': 4, 'n_estimators': 470, 'reg_alpha': 7.3633261818589535, 'reg_lambda': 300.3694548844673, 'subsample': 0.6308837628044894}",0.8855330536166132,0.881075716547105,0.8083532682796144,0.8868577921210474,0.8828398872785864,0.8927187463607924,0.587795891125458,0.8255787532327216,0.8786688333647487,0.8771751223245146,0.8406597064251203,0.08846466248843819,42
0.5218278169631958,0.01005445818818323,0.009501910209655762,0.0014607524969966756,0.9894464291375045,5.8674215295945515,0.45398840598209145,2,1,385,7.451033620305648,635.1392477304797,0.8777508085647128,"{'colsample_bytree': 0.9894464291375045, 'gamma': 5.8674215295945515, 'learning_rate': 0.45398840598209145, 'max_depth': 2, 'min_child_weight': 1, 'n_estimators': 385, 'reg_alpha': 7.451033620305648, 'reg_lambda': 635.1392477304797, 'subsample': 0.8777508085647128}",0.9307490707777344,0.9265095152707168,0.8695731915181681,0.8923082279177643,0.9318332419475004,0.9116694125599583,0.709326929660184,0.87039558476181,0.9056662774031163,0.900980335541018,0.8849011787357972,0.06226452372276401,14
0.16812465190887452,0.0062325227492749545,0.00622565746307373,0.002387065166909772,0.6150926341207776,5.991933798847523,0.2902820576124997,1,4,116,10.94550510797341,475.95561119275436,0.3516043076170827,"{'colsample_bytree': 0.6150926341207776, 'gamma': 5.991933798847523, 'learning_rate': 0.2902820576124997, 'max_depth': 1, 'min_child_weight': 4, 'n_estimators': 116, 'reg_alpha': 10.94550510797341, 'reg_lambda': 475.95561119275436, 'subsample': 0.3516043076170827}",0.8856454171893972,0.8788188386275162,0.7970781937093477,0.8851458835149869,0.8888096237882036,0.8867869819371007,0.5656150357811918,0.827737396291916,0.8710741689900192,0.8674624901576646,0.8354174029987345,0.094334251510197,48
0.3104484796524048,0.00786105077531787,0.008826279640197754,0.0026340958203135145,0.9417470111331294,8.47718773897414,0.47700520504173705,1,2,280,6.722924691708383,884.2652669728366,0.1678116304055154,"{'colsample_bytree': 0.9417470111331294, 'gamma': 8.47718773897414, 'learning_rate': 0.47700520504173705, 'max_depth': 1, 'min_child_weight': 2, 'n_estimators': 280, 'reg_alpha': 6.722924691708383, 'reg_lambda': 884.2652669728366, 'subsample': 0.1678116304055154}",0.8867124921223498,0.8820303580664959,0.8072354948472945,0.8857585936871964,0.8840742893386702,0.892280151681533,0.5929634630742646,0.8270858458861214,0.8775633477203741,0.8811710619201918,0.8416875098344491,0.08721418310348641,41
0.24058449268341064,0.005906281746228271,0.005536484718322754,0.0021439566445364015,0.652848509643591,2.9091103115034604,0.14155267987617684,3,4,117,6.568012624583502,848.9238193286247,0.7264268170074757,"{'colsample_bytree': 0.652848509643591, 'gamma': 2.9091103115034604, 'learning_rate': 0.14155267987617684, 'max_depth': 3, 'min_child_weight': 4, 'n_estimators': 117, 'reg_alpha': 6.568012624583502, 'reg_lambda': 848.9238193286247, 'subsample': 0.7264268170074757}",0.9339102272386728,0.9272014961703049,0.8585531373253668,0.8931715679259514,0.9199943781819928,0.9089358535827969,0.6917172486284207,0.8839857203179268,0.9038923188505799,0.8987735743710171,0.8820135522593031,0.06674849239406058,24
0.7493809461593628,0.0173327021955485,0.009235358238220215,0.002147869784544027,0.7850305850446825,1.9717649377076854,0.31135354108259317,6,3,226,6.183296523637368,801.8984575423643,0.766691755978784,"{'colsample_bytree': 0.7850305850446825, 'gamma': 1.9717649377076854, 'learning_rate': 0.31135354108259317, 'max_depth': 6, 'min_child_weight': 3, 'n_estimators': 226, 'reg_alpha': 6.183296523637368, 'reg_lambda': 801.8984575423643, 'subsample': 0.766691755978784}",0.9238409886190732,0.9325731608523993,0.8493500278482053,0.8838269514483519,0.9327836959161847,0.9124507775494206,0.7205999541856127,0.8502245885995053,0.9060555890066242,0.9086129769407746,0.8820318710966152,0.06101677497999898,23
1.6930967807769775,0.013348653100564488,0.014733552932739258,0.00401551950194609,0.848507870497634,8.024840839871093,0.18615066409768002,7,2,454,3.5620694359445806,589.2109686925444,0.17343476236021632,"{'colsample_bytree': 0.848507870497634, 'gamma': 8.024840839871093, 'learning_rate': 0.18615066409768002, 'max_depth': 7, 'min_child_weight': 2, 'n_estimators': 454, 'reg_alpha': 3.5620694359445806, 'reg_lambda': 589.2109686925444, 'subsample': 0.17343476236021632}",0.9229646980638248,0.9319661937003938,0.8536629248230053,0.8859215367338463,0.9342160234081672,0.9137335623675302,0.7192897639233627,0.861551292732989,0.9056872425706106,0.9082774806570618,0.8837270718980793,0.06069692050778206,19
2.011176061630249,0.025871347328461355,0.017539548873901366,0.0029144504224726197,0.5025924313869934,7.27894414948636,0.1051942372209007,8,4,499,1.5076853103939694,809.2937191605279,0.12485509468633424,"{'colsample_bytree': 0.5025924313869934, 'gamma': 7.27894414948636, 'learning_rate': 0.1051942372209007, 'max_depth': 8, 'min_child_weight': 4, 'n_estimators': 499, 'reg_alpha': 1.5076853103939694, 'reg_lambda': 809.2937191605279, 'subsample': 0.12485509468633424}",0.926079227217102,0.9326453317782071,0.8698124898915489,0.8907736132951359,0.9301064310387814,0.9133067888636309,0.7146800702713603,0.8616070923592943,0.905913804165501,0.8966239035141996,0.8841548752394761,0.06097450828767669,17
0.5444897174835205,0.005826592929215379,0.010497832298278808,0.0018737324123875964,0.7894324477537793,5.38474123018087,0.3392928062946477,3,1,285,6.426446347075766,329.2330017026275,0.6317499345121097,"{'colsample_bytree': 0.7894324477537793, 'gamma': 5.38474123018087, 'learning_rate': 0.3392928062946477, 'max_depth': 3, 'min_child_weight': 1, 'n_estimators': 285, 'reg_alpha': 6.426446347075766, 'reg_lambda': 329.2330017026275, 'subsample': 0.6317499345121097}",0.9335858118265468,0.9294868395463322,0.8679044964174334,0.8886326198050012,0.9358665574853123,0.9108529574147043,0.7198158505131562,0.8489486816463456,0.9092303762352466,0.9081356975015652,0.8852459888391644,0.06132549353537412,11
0.6935982942581177,0.014442602673422929,0.009573745727539062,0.002495411592471997,0.5152501249695247,1.3734818874921442,0.41307427472323255,6,3,200,6.222432600548044,715.9948424788887,0.29423892474715885,"{'colsample_bytree': 0.5152501249695247, 'gamma': 1.3734818874921442, 'learning_rate': 0.41307427472323255, 'max_depth': 6, 'min_child_weight': 3, 'n_estimators': 200, 'reg_alpha': 6.222432600548044, 'reg_lambda': 715.9948424788887, 'subsample': 0.29423892474715885}",0.9272738112501049,0.930319513411644,0.8658965505541526,0.8860505397236869,0.9337836950011262,0.9098452439527767,0.713211364148488,0.8533257601012185,0.9049918856000265,0.8953313084400847,0.8820029672183308,0.061753782169862555,25
0.36895999908447263,0.012997120350994203,0.0063248157501220705,0.0023955790066707747,0.8114452379095001,1.85347464993768,0.03532404337261777,4,2,146,7.995122107671938,210.6824739342411,0.21947088001867282,"{'colsample_bytree': 0.8114452379095001, 'gamma': 1.85347464993768, 'learning_rate': 0.03532404337261777, 'max_depth': 4, 'min_child_weight': 2, 'n_estimators': 146, 'reg_alpha': 7.995122107671938, 'reg_lambda': 210.6824739342411, 'subsample': 0.21947088001867282}",0.9278057510755489,0.9255977505932438,0.8627452142113852,0.895486069326688,0.9204254536590994,0.9113713467479473,0.7047400682455095,0.8906743156487982,0.9087659460813597,0.8884152793130344,0.8836027194902615,0.06254514750719095,20
1.634604525566101,0.04103819892884765,0.013317537307739259,0.0030476011000355866,0.9847684335570794,8.14595104179952,0.030123083216259137,8,3,374,5.389714207056361,162.76510507381278,0.12281566907391177,"{'colsample_bytree': 0.9847684335570794, 'gamma': 8.14595104179952, 'learning_rate': 0.030123083216259137, 'max_depth': 8, 'min_child_weight': 3, 'n_estimators': 374, 'reg_alpha': 5.389714207056361, 'reg_lambda': 162.76510507381278, 'subsample': 0.12281566907391177}",0.9271534532950403,0.9345015884983051,0.8677379358469608,0.891885231139598,0.9306543357884989,0.9170235099949524,0.7256309807126646,0.8672860629132856,0.9117392315875102,0.9051689294134553,0.8878781259190272,0.05868026391483313,5
0.44975602626800537,0.004955226571671344,0.007172846794128418,0.002680534873363739,0.9813242073389625,9.359801205122059,0.35102736098591203,5,1,157,10.152137276264805,453.88178378488357,0.3158086232416629,"{'colsample_bytree': 0.9813242073389625, 'gamma': 9.359801205122059, 'learning_rate': 0.35102736098591203, 'max_depth': 5, 'min_child_weight': 1, 'n_estimators': 157, 'reg_alpha': 10.152137276264805, 'reg_lambda': 453.88178378488357, 'subsample': 0.3158086232416629}",0.9248763060025128,0.9329385913608377,0.8601892167189704,0.8876348878753005,0.9343874926163545,0.9128250383688155,0.724280554247686,0.8605301068799524,0.9103570770911221,0.9078203554343932,0.8855839626595946,0.059425549117761,10
0.32548022270202637,0.00604392054987795,0.010671186447143554,0.0029447631434640488,0.5469366450406459,2.8286599710730735,0.46796085869645776,1,4,288,8.378969166957685,543.4832420091205,0.650548671610917,"{'colsample_bytree': 0.5469366450406459, 'gamma': 2.8286599710730735, 'learning_rate': 0.46796085869645776, 'max_depth': 1, 'min_child_weight': 4, 'n_estimators': 288, 'reg_alpha': 8.378969166957685, 'reg_lambda': 543.4832420091205, 'subsample': 0.650548671610917}",0.8849238781712467,0.8799749987400894,0.802580923286167,0.8860568767271957,0.8834358527831977,0.8931100319721356,0.5820393733889169,0.825861493442963,0.877591872226223,0.8773899532811703,0.8392965254019306,0.09021902144296699,45
0.7973785877227784,0.027081113073783615,0.012197351455688477,0.002732996438522357,0.709800031213895,3.4773098950115746,0.18442661253911818,5,2,284,4.418796667164016,173.4392526507535,0.1847412894417041,"{'colsample_bytree': 0.709800031213895, 'gamma': 3.4773098950115746, 'learning_rate': 0.18442661253911818, 'max_depth': 5, 'min_child_weight': 2, 'n_estimators': 284, 'reg_alpha': 4.418796667164016, 'reg_lambda': 173.4392526507535, 'subsample': 0.1847412894417041}",0.9279302482594831,0.9304563991452369,0.8673872493135637,0.8913936134875249,0.9310287633708537,0.913117315543973,0.7213414610130295,0.8502860706615306,0.9062647873728149,0.9005875189433644,0.8839793427111374,0.05986946383521856,18
0.5752604007720947,0.025811858398146675,0.008365535736083984,0.0020513920495505,0.6557066546956472,10.795105286215085,0.09591183224577587,5,3,199,2.732018699100152,447.08131939037844,0.45865426095763606,"{'colsample_bytree': 0.6557066546956472, 'gamma': 10.795105286215085, 'learning_rate': 0.09591183224577587, 'max_depth': 5, 'min_child_weight': 3, 'n_estimators': 199, 'reg_alpha': 2.732018699100152, 'reg_lambda': 447.08131939037844, 'subsample': 0.45865426095763606}",0.9261430877223702,0.9323425599793849,0.8648329537303927,0.895045007709475,0.9274754563021517,0.9125322480917545,0.7157354468358876,0.8652626584381874,0.9077791568254663,0.8976591570556951,0.8844807732690766,0.060597337028743495,16
0.3820089340209961,0.010955682695618722,0.008483076095581054,0.002193518023915936,0.8079250490261083,7.350936508676438,0.032198964788301816,3,2,195,9.564898411883222,626.954905295156,0.24664098437328674,"{'colsample_bytree': 0.8079250490261083, 'gamma': 7.350936508676438, 'learning_rate': 0.032198964788301816, 'max_depth': 3, 'min_child_weight': 2, 'n_estimators': 195, 'reg_alpha': 9.564898411883222, 'reg_lambda': 626.954905295156, 'subsample': 0.24664098437328674}",0.9251903653085707,0.9183332563536855,0.8536179307790116,0.898730776166696,0.9145606529798548,0.9068411886874064,0.6861529342439256,0.890129722409466,0.908211187599026,0.8847263436908817,0.8786494358218523,0.06704671261807374,35
1.036434578895569,0.014083659577632421,0.01358492374420166,0.0018763437720702378,0.5352843737002149,7.424192782063156,0.022990542165394687,4,4,495,4.881699262065219,614.6305747538826,0.512427601442365,"{'colsample_bytree': 0.5352843737002149, 'gamma': 7.424192782063156, 'learning_rate': 0.022990542165394687, 'max_depth': 4, 'min_child_weight': 4, 'n_estimators': 495, 'reg_alpha': 4.881699262065219, 'reg_lambda': 614.6305747538826, 'subsample': 0.512427601442365}",0.9258482049437337,0.9296044102517528,0.8556606854874527,0.8945770706345707,0.9200179184496541,0.9075425195870707,0.7040596341363781,0.8790176275837511,0.9023140019643779,0.8921876267228698,0.8810829699761611,0.0627042860571421,29
0.4471897125244141,0.01043633947456603,0.011735129356384277,0.003202418280994268,0.7728083946579675,10.41464808776525,0.19919029252237938,1,4,429,3.066843598767454,319.16890185690704,0.29313020773753673,"{'colsample_bytree': 0.7728083946579675, 'gamma': 10.41464808776525, 'learning_rate': 0.19919029252237938, 'max_depth': 1, 'min_child_weight': 4, 'n_estimators': 429, 'reg_alpha': 3.066843598767454, 'reg_lambda': 319.16890185690704, 'subsample': 0.29313020773753673}",0.886291723907543,0.8822901231548321,0.8046242178213666,0.8876309113056146,0.8854019668968319,0.8924704072301889,0.5825250995708273,0.8263998800843929,0.8793807230988684,0.8773420779388408,0.8404357131009306,0.0903812322435292,43
0.721450400352478,0.006307324565501539,0.008928823471069335,0.0024408473058589114,0.6886295416139879,1.3896313231023363,0.3129444033255675,7,1,189,4.189756302937613,775.9002487755637,0.12094474216224328,"{'colsample_bytree': 0.6886295416139879, 'gamma': 1.3896313231023363, 'learning_rate': 0.3129444033255675, 'max_depth': 7, 'min_child_weight': 1, 'n_estimators': 189, 'reg_alpha': 4.189756302937613, 'reg_lambda': 775.9002487755637, 'subsample': 0.12094474216224328}",0.9254093415040789,0.9311574559590742,0.8682346438979209,0.8915205286652732,0.9315399012068303,0.912601979051696,0.713944195779215,0.8557828817648991,0.9058032760029504,0.8966246396421294,0.8832618843474067,0.061372858795442235,21
0.4874419212341309,0.005458419843699344,0.0061809301376342775,0.0026584459238614116,0.9072342412944678,3.8185477477339993,0.06790076553461157,5,2,174,9.77472013527053,688.0568350431087,0.8231328373463637,"{'colsample_bytree': 0.9072342412944678, 'gamma': 3.8185477477339993, 'learning_rate': 0.06790076553461157, 'max_depth': 5, 'min_child_weight': 2, 'n_estimators': 174, 'reg_alpha': 9.77472013527053, 'reg_lambda': 688.0568350431087, 'subsample': 0.8231328373463637}",0.928672380534717,0.932385704576161,0.8675718021955201,0.8955644457962499,0.9299467764008871,0.915437207616574,0.7193599617170027,0.8740106132793619,0.9099381006714757,0.9071769569447333,0.8880063949732684,0.06007944641034313,4
0.3805386543273926,0.009129647285295995,0.0077000617980957035,0.0026293104290725216,0.6410172862856532,2.774395437797228,0.3778012283040206,3,1,198,5.126176769114265,397.6144686342265,0.7987716646677971,"{'colsample_bytree': 0.6410172862856532, 'gamma': 2.774395437797228, 'learning_rate': 0.3778012283040206, 'max_depth': 3, 'min_child_weight': 1, 'n_estimators': 198, 'reg_alpha': 5.126176769114265, 'reg_lambda': 397.6144686342265, 'subsample': 0.7987716646677971}",0.9295913869987009,0.9308127151444159,0.8685601927686233,0.8876395336164811,0.9295346832645951,0.9128695545436232,0.7139408055156302,0.8690080383166083,0.9048481593876512,0.9032008330079373,0.8850005902564266,0.06112830093559559,13
0.17147541046142578,0.003842909624611625,0.005975937843322754,0.002282002187688901,0.6704017701265089,10.307573256035647,0.4306222484030758,1,3,112,8.399087604473745,290.58892192318353,0.43995599755866543,"{'colsample_bytree': 0.6704017701265089, 'gamma': 10.307573256035647, 'learning_rate': 0.4306222484030758, 'max_depth': 1, 'min_child_weight': 3, 'n_estimators': 112, 'reg_alpha': 8.399087604473745, 'reg_lambda': 290.58892192318353, 'subsample': 0.43995599755866543}",0.8864141239589548,0.8752043615765545,0.7930665363512669,0.8799034921406397,0.8881659156595904,0.8850381227313242,0.5621560946027276,0.8193174487316913,0.870656744970925,0.8728783392658334,0.833280117998951,0.09525297966985055,49
0.378113317489624,0.0052459652883943995,0.008652186393737793,0.0020075892934404557,0.7671637367652817,5.965611906830777,0.2009128622474097,3,1,199,1.1083765148029836,824.3055811354109,0.18215800910752022,"{'colsample_bytree': 0.7671637367652817, 'gamma': 5.965611906830777, 'learning_rate': 0.2009128622474097, 'max_depth': 3, 'min_child_weight': 1, 'n_estimators': 199, 'reg_alpha': 1.1083765148029836, 'reg_lambda': 824.3055811354109, 'subsample': 0.18215800910752022}",0.930143444188917,0.9305907076425065,0.8686553832527141,0.8940568456146315,0.928629907826791,0.9125771817244361,0.706705308360977,0.8870542350178838,0.9074328939373294,0.9029538712899953,0.8868799778856182,0.06301835918118005,6
